﻿<?xml version="1.0" encoding="utf-8" ?>
<Language Name="English">
    <LocaleResource Name="ima9ines.Nop.FacebookSocialPlugin.AppId">
        <Value>Facebook App Id</Value>
    </LocaleResource>
    <LocaleResource Name="ima9ines.Nop.FacebookSocialPlugin.AppId.Hint">
        <Value>Enter your Facebook App Id here. You can find it on your FaceBook application page.</Value>
    </LocaleResource>
    <LocaleResource Name="ima9ines.Nop.FacebookSocialPlugin.Language">
        <Value>Language</Value>
    </LocaleResource>
    <LocaleResource Name="ima9ines.Nop.FacebookSocialPlugin.Language.Hint">
        <Value>The language of the plugin</Value>
    </LocaleResource>
</Language>