﻿<?xml version="1.0" encoding="utf-8" ?>
<Language Name="English">
  <LocaleResource Name="ima9ines.Nop.ResponsiveCarousel">
    <Value>Responsive Carousel</Value>
  </LocaleResource>
  <LocaleResource Name="ima9ines.Nop.ResponsiveCarousel.Hint">
    <Value>Enable/disable responsive carousel</Value>
  </LocaleResource>
  <LocaleResource Name="ima9ines.Nop.ResponsiveCarousel.Visible">
    <Value>Visible</Value>
  </LocaleResource>
  <LocaleResource Name="ima9ines.Nop.ResponsiveCarousel.Visible.Hint">
    <Value>Number of items visible in the gallery</Value>
  </LocaleResource>
  <LocaleResource Name="ima9ines.Nop.ResponsiveCarousel.Speed">
    <Value>Speed</Value>
  </LocaleResource>
  <LocaleResource Name="ima9ines.Nop.ResponsiveCarousel.Speed.Hint">
    <Value>Animation speed between items</Value>
  </LocaleResource>
  <LocaleResource Name="ima9ines.Nop.ResponsiveCarousel.Overflow">
    <Value>Overflow</Value>
  </LocaleResource>
  <LocaleResource Name="ima9ines.Nop.ResponsiveCarousel.Overflow.Hint">
    <Value>Can set the overflow of the gallery, showing no visible elements</Value>
  </LocaleResource>
  <LocaleResource Name="ima9ines.Nop.ResponsiveCarousel.AutoRotate">
    <Value>Auto Rotate</Value>
  </LocaleResource>
  <LocaleResource Name="ima9ines.Nop.ResponsiveCarousel.AutoRotate.Hint">
    <Value>This option allow you to change the items automatically. Value is the time interval in which the elements rotate</Value>
  </LocaleResource>
  <LocaleResource Name="ima9ines.Nop.ResponsiveCarousel.ItemMinWidth">
    <Value>Item Min Width</Value>
  </LocaleResource>
  <LocaleResource Name="ima9ines.Nop.ResponsiveCarousel.ItemMinWidth.Hint">
    <Value>Minimum width for each item. If the width of the items is less than the minimum, reduce the number of items visible</Value>
  </LocaleResource>
  <LocaleResource Name="ima9ines.Nop.ResponsiveCarousel.ItemEqualHeight">
    <Value>Item Equal Height</Value>
  </LocaleResource>
  <LocaleResource Name="ima9ines.Nop.ResponsiveCarousel.ItemEqualHeight.Hint">
    <Value>Calculate the height of the largest item and even all the elements</Value>
  </LocaleResource>
  <LocaleResource Name="ima9ines.Nop.ResponsiveCarousel.ItemMargin">
    <Value>Item Margin</Value>
  </LocaleResource>
  <LocaleResource Name="ima9ines.Nop.ResponsiveCarousel.ItemMargin.Hint">
    <Value>Distance between items</Value>
  </LocaleResource>
  <LocaleResource Name="ima9ines.Nop.ResponsiveCarousel.Carousel">
    <Value>Carousel</Value>
  </LocaleResource>
  <LocaleResource Name="ima9ines.Nop.ResponsiveCarousel.Carousel.Hint">
    <Value>You can disable default carousel behavior and use it to create a basic column system grid</Value>
  </LocaleResource>
</Language>